{"stat.useItem.minecraft.bow":10,"stat.pickup.exoticbirds.bluejay_egg":2,"stat.leaveGame":11,"stat.craftItem.minecraft.iron_axe":1,"stat.killEntity.Blaze":1,"stat.useItem.minecraft.mutton":16,"stat.useItem.minecraft.planks":23,"stat.craftItem.minecraft.shield":1,"stat.mineBlock.minecraft.web":2,"stat.pickup.minecraft.porkchop":25,"stat.pickup.minecraft.rotten_flesh":15,"stat.pickup.minecraft.sand":1,"stat.pickup.exoticbirds.eggshell":3,"stat.entityKilledBy.Spider":1,"stat.mineBlock.rustic.beehive":3,"stat.craftItem.minecraft.stone_axe":2,"stat.pickup.netherex.wither_bone":1,"stat.entityKilledBy.artifacts.mimic":2,"stat.mineBlock.wildnature.monzonite":3,"stat.entityKilledBy.firedragon":1,"stat.pickup.minecraft.brown_mushroom":2,"stat.mineBlock.minecraft.sand":1,"stat.pickup.exoticbirds.phoenix_dust":5,"stat.useItem.minecraft.spider_eye":2,"stat.useItem.minecraft.iron_pickaxe":478,"stat.pickup.wildnature.pine_log":3,"stat.craftItem.minecraft.wooden_pickaxe":1,"stat.craftItem.minecraft.bed":1,"stat.killEntity.exoticbirds.lyrebird":1,"stat.trappedChestTriggered":1,"stat.mineBlock.minecraft.vine":61,"stat.useItem.exoticbirds.woodpecker_egg":2,"stat.furnaceInteraction":42,"stat.entityKilledBy.WitherSkeleton":1,"stat.mineBlock.wildnature.cherry_log":41,"stat.mineBlock.wildnature.carbonatite":9,"stat.pickup.minecraft.prismarine":8,"stat.pickup.minecraft.beef":5,"stat.useItem.minecraft.cooked_mutton":13,"stat.pickup.minecraft.furnace":3,"stat.pickup.wildnature.cherry":3,"stat.pickup.iceandfire.troll_tusk":1,"stat.pickup.exoticbirds.crane_egg":3,"stat.killEntity.exoticbirds.kiwi":2,"stat.useItem.rustic.wildberries":3,"stat.pickup.tombstone.magic_scroll":1,"stat.pickup.minecraft.potion":1,"stat.mineBlock.minecraft.fence":4,"stat.mineBlock.wildnature.gabbro":2,"stat.killEntity.Husk":2,"stat.mineBlock.wildnature.fir_log":30,"stat.mineBlock.minecraft.soul_sand":2,"stat.deaths":14,"stat.pickup.minecraft.egg":2,"stat.pickup.wildnature.pine_planks":3,"stat.useItem.extrautils2.sickle_diamond":3593,"stat.playOneMinute":261669,"stat.pickup.wildnature.molddirt":3,"stat.mineBlock.wildnature.fir_leaves":43,"stat.craftItem.minecraft.iron_pickaxe":2,"stat.pickup.wildnature.cherry_log":59,"stat.pickup.minecraft.diamond_block":2,"stat.pickup.minecraft.iron_bars":6,"stat.mineBlock.wildnature.conglomerate":2,"stat.pickup.exoticbirds.owl_egg":1,"stat.killEntity.exoticbirds.magpie":1,"stat.mineBlock.minecraft.tallgrass":248,"stat.craftItem.minecraft.cooked_mutton":13,"stat.pickup.minecraft.netherrack":1,"stat.chestOpened":67,"stat.craftItem.minecraft.sign":3,"stat.killEntity.cow_female":3,"stat.mineBlock.minecraft.netherrack":3,"stat.pickup.minecraft.arrow":21,"stat.mineBlock.wildnature.cherry_white_leaves":1068,"stat.mineBlock.rustic.slate":1,"stat.pickup.wildnature.cherry_white_sapling":20,"stat.useItem.minecraft.experience_bottle":3,"stat.fallOneCm":72550,"stat.mineBlock.wildnature.cherry_pink_leaves":70,"stat.pickup.exoticbirds.hummingbird_egg":1,"stat.pickup.exoticbirds.swan_egg":1,"stat.mineBlock.rustic.horsetail":1,"stat.crouchOneCm":11046,"stat.craftItem.minecraft.diamond":9,"stat.mineBlock.minecraft.chest":1,"stat.craftItem.exoticbirds.cooked_birdmeat":3,"stat.craftItem.minecraft.iron_ingot":31,"stat.craftItem.minecraft.chest":3,"stat.pickup.rustic.grape_stem":3,"stat.pickup.minecraft.melon":21,"stat.craftingTableInteraction":43,"stat.pickup.wildnature.pine_sapling":3,"stat.pickup.minecraft.wooden_pickaxe":1,"stat.pickup.exoticbirds.woodpecker_egg":2,"stat.craftItem.exoticbirds.phoenix_egg":1,"stat.pickup.minecraft.planks":14,"stat.useItem.wildnature.molddirt":1,"stat.pickup.minecraft.wheat_seeds":14,"stat.mineBlock.minecraft.gravel":3,"stat.useItem.minecraft.stone_pickaxe":96,"stat.craftItem.minecraft.iron_leggings":1,"stat.useItem.minecraft.wool":10,"stat.mineBlock.minecraft.dirt":36,"stat.mineBlock.minecraft.monster_egg":1,"stat.useItem.minecraft.torch":26,"stat.useItem.minecraft.bread":2,"stat.pickup.rustic.bee":4,"stat.pickup.minecraft.crafting_table":7,"stat.pickup.wildnature.cherry_planks":13,"stat.mineBlock.wildnature.pine_leaves":355,"stat.useItem.minecraft.cobblestone":232,"stat.craftItem.minecraft.crafting_table":4,"stat.mineBlock.minecraft.double_plant":4,"stat.useItem.wildnature.cherry_white_sapling":1,"stat.pickup.minecraft.log":83,"stat.useItem.minecraft.cooked_fish":2,"stat.craftItem.wildnature.cherry_planks":124,"stat.pickup.minecraft.iron_pickaxe":1,"stat.drop.minecraft.sapling":1,"stat.mineBlock.wildnature.pumice":9,"stat.pickup.minecraft.sapling":55,"stat.pickup.wildnature.sapphire_shard":6,"stat.mineBlock.rustic.mooncap_mushroom":3,"stat.pickup.minecraft.apple":1,"stat.mineBlock.iceandfire.goldpile":1,"stat.craftItem.minecraft.planks":72,"stat.useItem.minecraft.iron_sword":7,"stat.pickup.minecraft.diamond_helmet":1,"stat.mineBlock.minecraft.prismarine":20,"stat.killEntity.WitherSkeleton":1,"stat.mineBlock.wildnature.mold_grass_block":4,"stat.useItem.minecraft.stonebrick":1,"stat.mineBlock.minecraft.log":83,"stat.useItem.exoticbirds.parrot_egg":1,"stat.pickup.artifacts.flame_pendant":2,"stat.useItem.exoticbirds.seagull_egg":1,"stat.sneakTime":5307,"stat.pickup.minecraft.wool":30,"stat.pickup.rustic.chili_pepper_seeds":2,"stat.cakeSlicesEaten":23,"stat.killEntity.exoticbirds.parrot":1,"stat.pickup.minecraft.bone":23,"stat.useItem.minecraft.iron_axe":169,"stat.mineBlock.minecraft.cobblestone":41,"stat.pickup.minecraft.stone_pickaxe":1,"stat.useItem.wildnature.cherry":3,"stat.craftItem.tombstone.grave_key":13,"stat.mineBlock.minecraft.brown_mushroom":1,"stat.pickup.rustic.mooncap_mushroom":3,"stat.useItem.minecraft.diamond_sword":303,"stat.mineBlock.minecraft.stained_glass_pane":2,"stat.swimOneCm":116996,"stat.mineBlock.minecraft.diamond_block":1,"stat.climbOneCm":47696,"stat.pickup.minecraft.enchanted_book":1,"stat.pickup.minecraft.cooked_porkchop":1,"stat.useItem.minecraft.dirt":19,"stat.useItem.minecraft.stone_slab2":48,"stat.useItem.exoticbirds.vulture_egg":2,"stat.pickup.minecraft.bow":1,"stat.craftItem.minecraft.furnace":3,"stat.pickup.extrautils2.sickle_diamond":1,"stat.killEntity.artifacts.mimic":3,"stat.craftItem.minecraft.stone_pickaxe":1,"stat.mineBlock.wildnature.pyroxenite":9,"stat.useItem.exoticbirds.cooked_birdmeat":3,"stat.craftItem.minecraft.cooked_beef":2,"stat.pickup.minecraft.cobblestone":312,"stat.mineBlock.wildnature.phyllite":2,"stat.flyOneCm":401299,"stat.pickup.minecraft.soul_sand":2,"stat.pickup.minecraft.glass_bottle":1,"stat.pickup.rustic.honeycomb":7,"stat.craftItem.extrautils2.sickle_diamond":1,"stat.pickup.minecraft.nether_brick_stairs":1,"stat.drop.minecraft.wheat_seeds":1,"stat.pickup.rustic.slate":2,"stat.craftItem.minecraft.wooden_slab":6,"stat.useItem.minecraft.cooked_beef":2,"stat.mineBlock.minecraft.iron_ore":37,"stat.mineBlock.wildnature.rhyolite":8,"stat.timeSinceDeath":79855,"stat.useItem.minecraft.sign":1,"stat.pickup.minecraft.mutton":33,"stat.pickup.minecraft.mossy_cobblestone":6,"stat.pickup.wildnature.cherry_flower":4,"stat.mineBlock.wildnature.limestone":2,"stat.pickup.minecraft.stonebrick":6,"stat.pickup.exoticbirds.mystery_egg":11,"stat.useItem.minecraft.cooked_porkchop":4,"stat.mineBlock.minecraft.coal_ore":77,"stat.mineBlock.minecraft.nether_brick":1,"stat.killEntity.Creeper":1,"stat.useItem.exoticbirds.crane_egg":1,"stat.pickup.minecraft.string":17,"stat.useItem.exoticbirds.roadrunner_egg":2,"stat.killEntity.exoticbirds.robin":2,"stat.pickup.tombstone.crafting_ingredient":15,"stat.entityKilledBy.Skeleton":2,"stat.craftItem.minecraft.stone_slab2":0,"stat.useItem.minecraft.written_book":1,"stat.sprintOneCm":604901,"stat.craftItem.minecraft.stick":36,"stat.useItem.tombstone.magic_scroll":1,"stat.useItem.wildnature.pine_planks":11,"stat.mineBlock.wildnature.pine_log":8,"stat.mineBlock.minecraft.crafting_table":6,"stat.mineBlock.wildnature.umber":2,"stat.mineBlock.minecraft.planks":5,"stat.drop":2,"stat.killEntity.Sheep":22,"stat.mineBlock.wildnature.cherry_planks":7,"stat.killEntity.Zombie":14,"stat.diveOneCm":45388,"stat.mineBlock.wildnature.pegmatite":5,"stat.mineBlock.minecraft.mossy_cobblestone":7,"stat.mineBlock.wildnature.basalt":5,"stat.craftItem.minecraft.cooked_porkchop":1,"stat.mineBlock.minecraft.anvil":1,"stat.mineBlock.wildnature.epidosite":3,"stat.useItem.minecraft.apple":8,"stat.useItem.minecraft.porkchop":15,"stat.useItem.minecraft.potion":3,"stat.mineBlock.wildnature.dolomite":6,"stat.craftItem.minecraft.diamond_sword":1,"stat.killEntity.cow_male":1,"stat.jump":3191,"stat.pickup.minecraft.fence":4,"stat.pickup.minecraft.coal":112,"stat.pickup.minecraft.iron_ingot":13,"stat.useItem.minecraft.stone_axe":147,"stat.mineBlock.wildnature.sapphire_ore":2,"stat.pickup.minecraft.spider_eye":8,"stat.craftItem.minecraft.torch":52,"stat.pickup.minecraft.dirt":70,"stat.pickup.minecraft.iron_ore":38,"stat.useItem.wildnature.cherry_log":3,"stat.useItem.exoticbirds.bluejay_egg":2,"stat.mineBlock.minecraft.iron_bars":16,"stat.pickup.minecraft.iron_axe":2,"stat.mineBlock.minecraft.stone_stairs":6,"stat.damageTaken":6844,"stat.pickup.minecraft.leather":9,"stat.mineBlock.minecraft.furnace":3,"stat.mineBlock.minecraft.torch":6,"stat.mineBlock.minecraft.melon_block":5,"stat.useItem.minecraft.wooden_pickaxe":22,"stat.pickup.minecraft.bed":5,"stat.pickup.artifacts.thorn_pendant":1,"stat.killEntity.hippogryph":1,"tombstone:undead_killed":26,"stat.useItem.tombstone.grave_key":16,"stat.mineBlock.rustic.blood_orchid":1,"stat.entityKilledBy.Zombie":3,"stat.pickup.exoticbirds.birdmeat":4,"stat.damageDealt":15270,"stat.useItem.exoticbirds.toucan_egg":1,"stat.sleepInBed":5,"stat.mineBlock.minecraft.nether_brick_stairs":1,"stat.killEntity.Silverfish":2,"stat.killEntity.Pig":13,"stat.walkOneCm":776748,"stat.killEntity.exoticbirds.woodpecker":1,"stat.pickup.minecraft.stick":21,"stat.pickup.wildnature.fir_log":29,"stat.useItem.wildnature.cherry_planks":95,"stat.craftItem.wildnature.pine_planks":12,"stat.mineBlock.wildnature.molddirt":4,"stat.useItem.minecraft.melon":21,"stat.useItem.tombstone.gift":1,"stat.pickup.minecraft.stone":35,"stat.craftItem.minecraft.iron_chestplate":1,"stat.mineBlock.minecraft.wool":6,"stat.useItem.minecraft.prismarine":5,"stat.killEntity.Skeleton":9,"stat.mineBlock.minecraft.stonebrick":25,"stat.pickup.iceandfire.troll_skull":1,"stat.killEntity.Spider":16,"stat.mineBlock.minecraft.quartz_ore":1,"stat.mobKills":106,"stat.pickup.rustic.blood_orchid":4,"stat.mineBlock.wildnature.gypsum":2,"stat.useItem.minecraft.golden_apple":2,"stat.mineBlock.minecraft.leaves":1825,"stat.pickup.minecraft.torch":9,"stat.mineBlock.wildnature.chalk":2,"stat.mineBlock.minecraft.stone":256}