{"stat.walkOneCm":19046,"stat.pickup.minecraft.stick":1,"stat.leaveGame":1,"stat.craftItem.minecraft.crafting_table":1,"stat.pickup.minecraft.log":8,"stat.jump":43,"stat.fallOneCm":209,"stat.useItem.minecraft.planks":2,"stat.drop.minecraft.sapling":1,"stat.crouchOneCm":64,"stat.pickup.minecraft.sapling":2,"stat.pickup.minecraft.dirt":7,"stat.useItem.minecraft.dirt":1,"stat.sprintOneCm":4226,"stat.useItem.minecraft.stone_slab2":2,"stat.craftItem.minecraft.stick":4,"stat.craftingTableInteraction":2,"stat.craftItem.minecraft.planks":32,"stat.damageTaken":55,"stat.useItem.minecraft.wooden_pickaxe":1,"stat.pickup.minecraft.cobblestone":1,"stat.mineBlock.minecraft.log":6,"stat.flyOneCm":2136,"stat.pickup.minecraft.wheat_seeds":2,"stat.drop":2,"stat.playOneMinute":6295,"stat.drop.minecraft.wheat_seeds":1,"stat.craftItem.minecraft.wooden_slab":6,"stat.sneakTime":146,"stat.damageDealt":93,"stat.timeSinceDeath":6295,"stat.mineBlock.minecraft.dirt":3,"stat.craftItem.minecraft.wooden_pickaxe":1,"stat.mineBlock.minecraft.stone":1,"stat.mineBlock.minecraft.tallgrass":4}