{"stat.leaveGame":2,"stat.mineBlock.minecraft.brown_mushroom":1,"stat.jump":248,"stat.fallOneCm":4327,"stat.useItem.minecraft.planks":9,"stat.useItem.minecraft.stone_axe":115,"stat.pickup.minecraft.porkchop":10,"stat.crouchOneCm":574,"stat.pickup.minecraft.dirt":11,"stat.useItem.minecraft.dirt":9,"stat.useItem.minecraft.stone_slab2":7,"stat.craftingTableInteraction":9,"stat.craftItem.minecraft.furnace":1,"stat.useItem.exoticbirds.bluejay_egg":1,"stat.craftItem.minecraft.stone_axe":1,"stat.damageTaken":305,"stat.mineBlock.minecraft.furnace":1,"stat.craftItem.minecraft.stone_pickaxe":1,"stat.useItem.minecraft.wooden_pickaxe":22,"stat.pickup.minecraft.cobblestone":16,"stat.pickup.minecraft.planks":9,"stat.flyOneCm":23623,"stat.pickup.minecraft.wheat_seeds":3,"stat.pickup.minecraft.brown_mushroom":2,"stat.drop.minecraft.wheat_seeds":1,"stat.craftItem.minecraft.wooden_slab":6,"stat.pickup.exoticbirds.birdmeat":1,"stat.damageDealt":1609,"stat.useItem.minecraft.wool":1,"stat.sleepInBed":1,"stat.timeSinceDeath":18735,"stat.mineBlock.minecraft.dirt":7,"stat.craftItem.minecraft.wooden_pickaxe":1,"stat.killEntity.Pig":4,"stat.pickup.minecraft.mutton":17,"stat.walkOneCm":53462,"stat.craftItem.minecraft.bed":1,"stat.pickup.minecraft.stick":2,"stat.pickup.minecraft.crafting_table":2,"stat.craftItem.minecraft.crafting_table":2,"stat.furnaceInteraction":7,"stat.mineBlock.minecraft.double_plant":1,"stat.pickup.minecraft.log":80,"stat.pickup.minecraft.string":1,"stat.useItem.minecraft.cooked_mutton":3,"stat.pickup.minecraft.furnace":1,"stat.killEntity.exoticbirds.robin":2,"stat.craftItem.minecraft.stone_slab2":0,"stat.drop.minecraft.sapling":1,"stat.pickup.minecraft.sapling":3,"stat.sprintOneCm":33365,"stat.craftItem.minecraft.stick":8,"stat.craftItem.minecraft.planks":64,"stat.mineBlock.minecraft.crafting_table":2,"stat.mobKills":17,"stat.mineBlock.minecraft.log":80,"stat.drop":2,"stat.mineBlock.minecraft.leaves":1,"stat.playOneMinute":18735,"stat.killEntity.Sheep":11,"stat.sneakTime":371,"stat.pickup.minecraft.wool":12,"stat.mineBlock.minecraft.stone":16,"stat.mineBlock.minecraft.tallgrass":13,"stat.craftItem.minecraft.cooked_mutton":7}