{"stat.leaveGame":4,"stat.mineBlock.minecraft.yellow_flower":2,"stat.mineBlock.minecraft.deadbush":1,"stat.mineBlock.minecraft.brown_mushroom":1,"stat.useItem.minecraft.mutton":2,"stat.jump":149,"stat.swimOneCm":417,"stat.fallOneCm":3994,"stat.crouchOneCm":452,"stat.pickup.minecraft.dirt":5,"stat.useItem.minecraft.dirt":2,"stat.useItem.minecraft.stone_slab2":11,"stat.craftingTableInteraction":1,"stat.pickup.rustic.tomato_seeds":7,"stat.damageTaken":75,"stat.mineBlock.minecraft.red_flower":2,"stat.mineBlock.minecraft.sapling":1,"stat.flyOneCm":20602,"stat.pickup.minecraft.brown_mushroom":1,"stat.pickup.minecraft.wheat_seeds":6,"stat.damageDealt":215,"stat.timeSinceDeath":11125,"stat.mineBlock.minecraft.dirt":11,"stat.drop.minecraft.log":2,"stat.pickup.minecraft.mutton":4,"stat.walkOneCm":19997,"stat.mineBlock.minecraft.double_plant":11,"stat.pickup.minecraft.log":4,"stat.pickup.minecraft.sapling":2,"stat.sprintOneCm":27503,"stat.drop.rustic.tomato_seeds":1,"stat.mobKills":2,"stat.mineBlock.minecraft.log":4,"stat.drop":3,"stat.mineBlock.minecraft.leaves":5,"stat.playOneMinute":11125,"stat.killEntity.Sheep":2,"stat.pickup.minecraft.red_flower":2,"stat.sneakTime":98,"stat.pickup.rustic.chili_pepper_seeds":5,"stat.pickup.minecraft.wool":2,"stat.pickup.minecraft.yellow_flower":2,"stat.mineBlock.minecraft.tallgrass":154}