{"stat.mineBlock.rustic.chamomile":1,"stat.leaveGame":4,"stat.mineBlock.minecraft.yellow_flower":2,"stat.mineBlock.minecraft.deadbush":1,"stat.mineBlock.minecraft.brown_mushroom":2,"stat.useItem.minecraft.mutton":5,"stat.jump":333,"stat.swimOneCm":1109,"stat.pickup.minecraft.coal":13,"stat.fallOneCm":8845,"stat.useItem.minecraft.stone_axe":18,"stat.crouchOneCm":976,"stat.drop.minecraft.brown_mushroom":1,"stat.pickup.minecraft.dirt":31,"stat.useItem.minecraft.dirt":2,"stat.useItem.minecraft.stone_slab2":15,"stat.craftingTableInteraction":7,"stat.pickup.rustic.tomato_seeds":8,"stat.craftItem.minecraft.stone_axe":1,"stat.damageTaken":480,"stat.mineBlock.minecraft.red_flower":2,"stat.craftItem.minecraft.stone_pickaxe":1,"stat.useItem.minecraft.wooden_pickaxe":9,"stat.entityKilledBy.elementalcreepers:IllusionCreeper":1,"stat.mineBlock.minecraft.sapling":1,"stat.pickup.minecraft.cobblestone":19,"stat.craftItem.minecraft.stone_sword":1,"stat.flyOneCm":49683,"stat.pickup.minecraft.bed":1,"stat.pickup.minecraft.brown_mushroom":3,"stat.pickup.minecraft.wheat_seeds":6,"stat.useItem.minecraft.stone_pickaxe":32,"stat.useItem.minecraft.stone_sword":25,"stat.pickup.exoticbirds.birdmeat":3,"stat.damageDealt":675,"stat.pickup.exoticbirds.cassowary_egg":1,"stat.sleepInBed":2,"stat.timeSinceDeath":11363,"stat.mineBlock.minecraft.dirt":12,"stat.drop.minecraft.log":2,"stat.killEntity.elementalcreepers:IceCreeper":1,"stat.craftItem.minecraft.wooden_pickaxe":1,"stat.pickup.minecraft.mutton":5,"stat.walkOneCm":46229,"stat.craftItem.minecraft.bed":1,"stat.pickup.minecraft.stick":1,"stat.pickup.minecraft.crafting_table":2,"stat.craftItem.minecraft.crafting_table":1,"stat.furnaceInteraction":3,"stat.mineBlock.minecraft.double_plant":15,"stat.mineBlock.minecraft.coal_ore":13,"stat.pickup.minecraft.log":9,"stat.pickup.minecraft.string":1,"stat.useItem.exoticbirds.cassowary_egg":1,"stat.useItem.minecraft.cooked_mutton":2,"stat.killEntity.exoticbirds.robin":2,"stat.mineBlock.minecraft.wool":1,"stat.pickup.minecraft.sapling":3,"stat.sprintOneCm":62704,"stat.drop.rustic.tomato_seeds":1,"stat.craftItem.minecraft.stick":8,"stat.craftItem.minecraft.planks":20,"stat.mineBlock.minecraft.crafting_table":2,"stat.mobKills":6,"stat.mineBlock.minecraft.log":7,"stat.deaths":1,"stat.drop":4,"stat.mineBlock.minecraft.leaves":11,"stat.playOneMinute":23725,"stat.killEntity.Sheep":3,"stat.pickup.minecraft.red_flower":2,"stat.sneakTime":616,"stat.pickup.rustic.chili_pepper_seeds":8,"stat.pickup.minecraft.wool":3,"stat.pickup.minecraft.yellow_flower":2,"stat.mineBlock.minecraft.stone":18,"stat.mineBlock.minecraft.tallgrass":200,"stat.craftItem.minecraft.cooked_mutton":4}