{"stat.leaveGame":32,"stat.mineBlock.wildnature.slate":1,"stat.mineBlock.wildnature.gneiss":2,"stat.pickup.tombstone.familiar_stone":1,"stat.useItem.minecraft.mutton":5,"stat.mineBlock.minecraft.web":7,"stat.pickup.minecraft.porkchop":7,"stat.killEntity.duck_male":1,"stat.useItem.extrautils2.goldenlasso":5,"stat.useItem.minecraft.water_bucket":85,"stat.pickup.minecraft.rotten_flesh":59,"stat.pickup.minecraft.sand":1,"stat.pickup.exoticbirds.eggshell":5,"stat.mineBlock.rustic.beehive":1,"stat.craftItem.minecraft.stone_axe":1,"stat.drop.minecraft.leather_boots":2,"stat.pickup.iceandfire.witherbone":1,"stat.pickup.minecraft.name_tag":1,"stat.pickup.iceandfire.troll_leather_forest":2,"stat.pickup.wildnature.leaf_pile":1,"stat.pickup.minecraft.leather_boots":3,"stat.craftItem.minecraft.stone_sword":1,"stat.entityKilledBy.artifacts.mimic":1,"stat.mineBlock.wildnature.monzonite":8,"stat.useItem.minecraft.ender_pearl":1,"stat.pickup.minecraft.chainmail_chestplate":1,"stat.entityKilledBy.firedragon":2,"stat.pickup.minecraft.brown_mushroom":3,"stat.pickup.exoticbirds.phoenix_dust":5,"stat.pickup.wildnature.amethyst_shard":1,"stat.craftItem.spartanshields.shield_basic_wood":1,"stat.useItem.minecraft.iron_pickaxe":393,"stat.craftItem.minecraft.wooden_pickaxe":1,"stat.craftItem.minecraft.bed":1,"stat.mineBlock.minecraft.vine":4,"stat.furnaceInteraction":58,"stat.useItem.minecraft.golden_carrot":18,"stat.pickup.iceandfire.rotten_egg":1,"stat.pickup.minecraft.nether_brick":9,"stat.pickup.securitycraft.cobblestone_mine":2,"stat.drop.minecraft.red_flower":1,"stat.mineBlock.wildnature.carbonatite":9,"stat.pickup.minecraft.prismarine":15,"stat.useItem.minecraft.cooked_mutton":7,"stat.pickup.minecraft.furnace":1,"stat.pickup.wildnature.cherry":2,"stat.pickup.exoticbirds.heron_egg":1,"stat.pickup.minecraft.leather_helmet":3,"stat.pickup.exoticbirds.crane_egg":2,"stat.pickup.minecraft.iron_chestplate":3,"stat.useItem.rustic.wildberries":1,"stat.mineBlock.wildnature.clover":1,"stat.pickup.minecraft.skull":2,"stat.useItem.minecraft.stone_stairs":4,"stat.pickup.tombstone.magic_scroll":3,"stat.pickup.tombstone.gift":1,"stat.pickup.minecraft.stone_stairs":5,"stat.useItem.minecraft.wheat_seeds":1,"stat.mineBlock.wildnature.gabbro":10,"stat.killEntity.Husk":2,"stat.pickup.minecraft.golden_carrot":1,"stat.pickup.minecraft.emerald":1,"stat.mineBlock.minecraft.soul_sand":1,"stat.deaths":7,"stat.drop.minecraft.golden_carrot":1,"stat.pickup.minecraft.egg":6,"stat.playOneMinute":275646,"stat.mineBlock.wildnature.pulsatilla":1,"stat.useItem.minecraft.nether_brick":1,"stat.craftItem.minecraft.iron_pickaxe":2,"stat.pickup.minecraft.iron_bars":13,"stat.drop.minecraft.torch":2,"stat.pickup.exoticbirds.owl_egg":1,"stat.mineBlock.minecraft.tallgrass":472,"stat.craftItem.minecraft.cooked_mutton":4,"stat.pickup.minecraft.netherrack":3,"stat.pickup.minecraft.cooked_mutton":3,"stat.chestOpened":89,"stat.useItem.minecraft.stone":42,"stat.mineBlock.rustic.chamomile":1,"stat.mineBlock.minecraft.netherrack":6,"stat.pickup.minecraft.arrow":13,"stat.drop.wildnature.cherry_pink_sapling":2,"stat.pickup.minecraft.cooked_chicken":2,"stat.fallOneCm":77352,"stat.drop.minecraft.stone":1,"stat.pickup.minecraft.carrot":1,"stat.crouchOneCm":8555,"stat.mineBlock.minecraft.chest":1,"stat.craftItem.exoticbirds.cooked_birdmeat":3,"stat.craftItem.minecraft.iron_ingot":42,"stat.pickup.rustic.grape_stem":12,"stat.pickup.minecraft.golden_leggings":1,"stat.craftingTableInteraction":32,"stat.pickup.wildnature.pine_sapling":2,"stat.pickup.iceandfire.silver_ore":2,"stat.drop.exoticbirds.eggshell":2,"stat.pickup.minecraft.feather":2,"stat.craftItem.exoticbirds.phoenix_egg":1,"stat.pickup.minecraft.iron_leggings":4,"stat.pickup.minecraft.wheat_seeds":26,"stat.mineBlock.minecraft.gravel":15,"stat.useItem.minecraft.stone_pickaxe":120,"stat.useItem.minecraft.stone_sword":76,"stat.craftItem.minecraft.iron_leggings":1,"stat.useItem.securitycraft.remote_access_mine":1,"stat.mineBlock.minecraft.dirt":43,"stat.pickup.artifacts.tiny_shirt":1,"stat.pickup.minecraft.chainmail_boots":2,"stat.useItem.minecraft.iron_bars":1,"stat.useItem.minecraft.torch":196,"stat.pickup.rustic.bee":1,"stat.drop.tombstone.crafting_ingredient":4,"stat.mineBlock.iceandfire.silver_ore":2,"stat.drop.minecraft.rotten_flesh":12,"stat.pickup.minecraft.crafting_table":6,"stat.useItem.minecraft.cobblestone":143,"stat.craftItem.minecraft.crafting_table":4,"stat.mineBlock.minecraft.double_plant":26,"stat.pickup.minecraft.log":73,"stat.useItem.exoticbirds.cassowary_egg":1,"stat.drop.minecraft.stonebrick":1,"stat.pickup.minecraft.iron_pickaxe":1,"stat.pickup.usefulbackpacks.backpack":1,"stat.pickup.artifacts.magma_stone":1,"stat.craftItem.usefulbackpacks.backpack":2,"stat.mineBlock.exoticbirds.nest":2,"stat.drop.minecraft.sapling":5,"stat.pickup.minecraft.chicken":2,"stat.pickup.minecraft.tipped_arrow":1,"stat.pickup.minecraft.chainmail_leggings":2,"stat.mineBlock.wildnature.pumice":9,"stat.pickup.minecraft.sapling":10,"stat.mineBlock.rustic.mooncap_mushroom":1,"stat.pickup.minecraft.apple":6,"stat.craftItem.minecraft.bucket":1,"stat.craftItem.minecraft.planks":68,"stat.useItem.minecraft.iron_sword":212,"stat.pickup.minecraft.diamond_helmet":2,"stat.mineBlock.minecraft.prismarine":11,"stat.killEntity.WitherSkeleton":2,"stat.mineBlock.wildnature.mold_grass_block":2,"stat.useItem.securitycraft.cobblestone_mine":1,"stat.mineBlock.minecraft.log":7,"stat.craftItem.minecraft.cooked_chicken":1,"stat.mineBlock.securitycraft.cobblestone_mine":2,"stat.pickup.minecraft.red_flower":4,"stat.sneakTime":5191,"stat.pickup.rustic.chili_pepper_seeds":12,"stat.pickup.minecraft.wool":18,"stat.killEntity.siren":3,"stat.pickup.minecraft.yellow_flower":2,"stat.pickup.minecraft.chest":1,"stat.drop.minecraft.stone_pickaxe":3,"stat.useItem.exoticbirds.birdmeat":2,"stat.pickup.minecraft.bone":34,"stat.mineBlock.minecraft.cobblestone":20,"stat.pickup.minecraft.stone_pickaxe":3,"stat.pickup.minecraft.flint":2,"stat.mineBlock.minecraft.yellow_flower":2,"stat.craftItem.tombstone.grave_key":4,"stat.drop.minecraft.leather_helmet":1,"stat.pickup.minecraft.leather_chestplate":1,"stat.mineBlock.minecraft.brown_mushroom":2,"stat.pickup.rustic.mooncap_mushroom":7,"stat.useItem.minecraft.diamond_sword":429,"stat.pickup.exoticbirds.seagull_egg":1,"stat.swimOneCm":105213,"stat.climbOneCm":26316,"stat.pickup.minecraft.enchanted_book":1,"stat.craftItem.securitycraft.mine":3,"stat.pickup.minecraft.cooked_porkchop":8,"stat.drop.minecraft.brown_mushroom":1,"stat.useItem.minecraft.dirt":11,"stat.pickup.minecraft.golden_helmet":1,"stat.useItem.minecraft.stone_slab2":62,"stat.pickup.minecraft.iron_boots":3,"stat.craftItem.minecraft.furnace":3,"stat.pickup.extrautils2.sickle_diamond":1,"stat.killEntity.artifacts.mimic":1,"stat.craftItem.spartanshields.shield_basic_iron":1,"stat.craftItem.minecraft.iron_boots":1,"stat.pickup.minecraft.anvil":1,"stat.drop.minecraft.ender_pearl":2,"stat.craftItem.minecraft.stone_pickaxe":1,"stat.useItem.exoticbirds.cooked_birdmeat":3,"stat.mineBlock.wildnature.pyroxenite":10,"stat.craftItem.minecraft.cooked_beef":3,"stat.pickup.minecraft.cobblestone":327,"stat.mineBlock.wildnature.phyllite":2,"stat.pickup.minecraft.diamond_leggings":1,"stat.flyOneCm":463112,"stat.drop.minecraft.iron_helmet":1,"stat.pickup.minecraft.soul_sand":2,"stat.pickup.minecraft.sandstone":1,"stat.pickup.minecraft.nether_brick_stairs":1,"stat.drop.minecraft.wheat_seeds":11,"stat.useItem.minecraft.cooked_beef":11,"stat.pickup.exoticbirds.cassowary_egg":1,"stat.pickup.minecraft.redstone":32,"stat.mineBlock.minecraft.iron_ore":49,"stat.mineBlock.wildnature.rhyolite":8,"stat.timeSinceDeath":242,"stat.drop.minecraft.log":2,"stat.drop.minecraft.spider_eye":1,"stat.pickup.minecraft.mutton":5,"stat.pickup.wildnature.duck_male_feather":2,"stat.pickup.minecraft.mossy_cobblestone":6,"stat.killEntity.Bat":1,"stat.pickup.exoticbirds.peafowl_egg":1,"stat.pickup.minecraft.chainmail_helmet":2,"stat.pickup.minecraft.nether_wart":3,"stat.pickup.wildnature.cherry_flower":2,"stat.pickup.minecraft.stonebrick":2,"stat.drop.minecraft.dirt":6,"stat.useItem.minecraft.cooked_porkchop":17,"stat.mineBlock.minecraft.coal_ore":65,"stat.mineBlock.minecraft.nether_brick":5,"stat.pickup.minecraft.shield":8,"stat.killEntity.Creeper":2,"stat.pickup.extrautils2.ingredients":1,"stat.useItem.exoticbirds.crane_egg":2,"stat.pickup.minecraft.string":27,"stat.killEntity.exoticbirds.robin":2,"stat.pickup.tombstone.crafting_ingredient":12,"stat.drop.usefulbackpacks.backpack":1,"stat.craftItem.minecraft.stone_slab2":0,"stat.sprintOneCm":591147,"stat.drop.rustic.tomato_seeds":1,"stat.craftItem.minecraft.stick":80,"stat.drop.minecraft.potion":1,"stat.useItem.tombstone.magic_scroll":6,"stat.useItem.exoticbirds.peafowl_egg":1,"stat.useItem.exoticbirds.kiwi_egg":1,"stat.craftItem.minecraft.gold_nugget":9,"stat.mineBlock.minecraft.diamond_ore":3,"stat.useItem.minecraft.snowball":9,"stat.drop.exoticbirds.phoenix_dust":5,"stat.mineBlock.minecraft.crafting_table":6,"stat.pickup.minecraft.diamond_chestplate":1,"stat.pickup.minecraft.leather_leggings":1,"stat.drop":77,"stat.killEntity.Sheep":4,"stat.pickup.minecraft.golden_chestplate":1,"stat.useItem.iceandfire.rotten_egg":1,"stat.killEntity.Zombie":49,"stat.pickup.minecraft.snowball":9,"stat.mineBlock.minecraft.gold_ore":6,"stat.diveOneCm":78910,"stat.mineBlock.wildnature.pegmatite":11,"stat.drop.securitycraft.cobblestone_mine":1,"stat.pickup.minecraft.gravel":19,"stat.mineBlock.wildnature.basalt":7,"stat.craftItem.minecraft.cooked_porkchop":9,"stat.useItem.minecraft.chicken":1,"stat.mineBlock.minecraft.anvil":1,"stat.pickup.minecraft.stone_axe":2,"stat.mineBlock.wildnature.epidosite":1,"stat.useItem.minecraft.apple":5,"stat.mineBlock.minecraft.deadbush":1,"stat.useItem.minecraft.porkchop":7,"stat.mineBlock.wildnature.leaf_pile":3,"stat.useItem.minecraft.potion":3,"stat.useItem.minecraft.rotten_flesh":2,"stat.drop.minecraft.cooked_porkchop":3,"stat.craftItem.minecraft.diamond_sword":1,"stat.jump":3766,"stat.pickup.minecraft.coal":77,"stat.pickup.minecraft.iron_helmet":4,"stat.pickup.minecraft.iron_ingot":1,"stat.useItem.minecraft.stone_axe":31,"stat.pickup.minecraft.gunpowder":3,"stat.pickup.minecraft.spider_eye":16,"stat.craftItem.minecraft.torch":224,"stat.pickup.minecraft.dirt":61,"stat.craftItem.minecraft.iron_helmet":1,"stat.drop.minecraft.bed":1,"stat.useItem.minecraft.cooked_chicken":3,"stat.pickup.minecraft.iron_ore":49,"stat.pickup.iceandfire.shiny_scales":8,"stat.mineBlock.minecraft.iron_bars":9,"stat.pickup.minecraft.gold_ore":6,"stat.mineBlock.minecraft.lapis_ore":1,"stat.pickup.rustic.tomato_seeds":18,"stat.pickup.minecraft.iron_axe":1,"stat.damageTaken":6724,"stat.craftItem.extrautils2.goldenlasso":1,"stat.mineBlock.minecraft.red_flower":4,"stat.mineBlock.minecraft.furnace":1,"stat.mineBlock.minecraft.torch":5,"stat.useItem.minecraft.wooden_pickaxe":9,"stat.pickup.minecraft.prismarine_shard":1,"stat.mineBlock.minecraft.sapling":1,"stat.pickup.minecraft.prismarine_crystals":9,"stat.pickup.minecraft.reeds":4,"stat.killEntity.CaveSpider":2,"stat.pickup.minecraft.bed":3,"tombstone:undead_killed":71,"stat.useItem.tombstone.grave_key":5,"stat.entityKilledBy.Zombie":3,"stat.pickup.exoticbirds.birdmeat":5,"stat.mineBlock.wildnature.amethyst_ore":1,"stat.damageDealt":21161,"stat.sleepInBed":6,"stat.mineBlock.minecraft.nether_brick_stairs":1,"stat.pickup.wildnature.cherry_pink_sapling":4,"stat.killEntity.Pig":3,"stat.mineBlock.iceandfire.chared_dirt":1,"stat.walkOneCm":561381,"stat.playerKills":1,"stat.pickup.minecraft.stick":4,"stat.mineBlock.wildnature.marble":2,"stat.killEntity.exoticbirds.peafowl":1,"stat.useItem.tombstone.gift":3,"stat.pickup.minecraft.stone":53,"stat.craftItem.securitycraft.cobblestone_mine":3,"stat.craftItem.minecraft.iron_chestplate":1,"stat.mineBlock.minecraft.wool":3,"stat.killEntity.if_troll":1,"stat.pickup.minecraft.ender_pearl":3,"stat.drop.wildnature.cherry":2,"stat.useItem.minecraft.prismarine":2,"stat.killEntity.Skeleton":18,"stat.mineBlock.minecraft.stonebrick":2,"stat.killEntity.Spider":23,"stat.mobKills":148,"stat.drop.tombstone.magic_scroll":1,"stat.pickup.rustic.blood_orchid":2,"stat.useItem.minecraft.mossy_cobblestone":4,"stat.pickup.minecraft.diamond":3,"stat.mineBlock.minecraft.leaves":29,"stat.pickup.minecraft.torch":14,"stat.pickup.exoticbirds.kiwi_egg":1,"stat.mineBlock.minecraft.redstone_ore":7,"stat.mineBlock.wildnature.chalk":4,"stat.craftItem.securitycraft.remote_access_mine":1,"stat.mineBlock.minecraft.stone":192}